4:54,t1s1,Default.mp3
7:02,t1s2,Default.mp3
9:10,t2s3,Default.mp3
11:18,t2s4,Default.mp3
13:26,t3s4,Default.mp3
15:34,t4s4,Default.mp3
17:42,t6s5,Default.mp3
19:50,t6s5,Default.mp3
21:58,t6s5,Default.mp3
24:06,t6s5,Default.mp3
26:14,t6s5,Default.mp3
28:22,t6s5,Default.mp3
30:30,t6s5,Default.mp3
32:38,t6s5,Default.mp3
34:46,t6s5,Default.mp3
36:54,t6s5,Default.mp3
39:02,t6s5,Default.mp3
41:10,t6s5,Default.mp3
43:18,t6s5,Default.mp3
45:26,t6s5,Default.mp3
47:34,t6s5,Default.mp3
49:42,t6s5,Default.mp3
51:50,t6s5,Default.mp3
53:58,t6s5,Default.mp3
58:14,t6s5,Default.mp3
60:22,t6s5,Default.mp3
