3:35,1*5,Default.mp3
5:05,1*5,Default.mp3
6:35,1*5,Default.mp3
8:05,2*5,Default.mp3
9:35,2*5,Default.mp3
10:45,2*10,Default.mp3
11:55,2*10,Default.mp3
13:05,2*10,Default.mp3
14:15,3*10,Default.mp3
15:25,3*10,Default.mp3
16:35,3*10,Default.mp3
17:45,3*10,Default.mp3
18:55,3*10,Default.mp3
20:05,2*15,Default.mp3
21:05,2*15,Default.mp3
22:05,3*15,Default.mp3
23:05,3*15,Default.mp3
24:05,3*15,Default.mp3
25:05,3*15,Default.mp3
26:05,4*15,Default.mp3
27:05,4*15,Default.mp3
28:05,4*15,Default.mp3
29:05,4*15,Default.mp3
30:05,4*15,Default.mp3
31:05,4*15,Default.mp3
32:05,4*15,Default.mp3
33:05,4*15,Default.mp3
34:05,4*15,Default.mp3
35:05,4*15,Default.mp3
36:05,4*15,Default.mp3
37:05,4*15,Default.mp3
38:05,4*15,Default.mp3
39:05,4*15,Default.mp3
40:05,4*15,Default.mp3
41:05,4*15,Default.mp3
42:05,4*15,Default.mp3
43:05,4*15,Default.mp3
44:05,4*15,Default.mp3
45:05,4*15,Default.mp3
46:05,4*15,Default.mp3
47:05,4*15,Default.mp3
48:05,4*15,Default.mp3
49:05,4*15,Default.mp3
50:05,4*15,Default.mp3
51:05,4*15,Default.mp3
52:05,4*15,Default.mp3
53:05,4*15,Default.mp3
54:05,4*15,Default.mp3
55:05,4*15,Default.mp3
56:05,4*15,Default.mp3
57:05,4*15,Default.mp3
58:05,4*15,Default.mp3
59:05,4*15,Default.mp3
60:05,4*15,Default.mp3
61:05,4*15,Default.mp3
