03:28,1,Default.mp3
04:58,1,Default.mp3
06:28,1,Default.mp3
07:58,1,Default.mp3
09:28,1,Default.mp3
10:28,1,Default.mp3
11:28,1,Default.mp3
12:28,2,Default.mp3
13:28,2,Default.mp3
14:28,2,Default.mp3
15:28,2,Default.mp3
16:28,2,Default.mp3
17:28,2,Default.mp3
18:28,4,Default.mp3
19:28,4,Default.mp3
20:28,4,Default.mp3
21:18,4,Default.mp3
22:08,4,Default.mp3
22:58,4,Default.mp3
23:48,5,Default.mp3
24:38,5,Default.mp3
25:28,5,Default.mp3
26:18,5,Default.mp3
27:08,5,Default.mp3
27:58,5,Default.mp3
28:48,5,Default.mp3
29:38,5,Default.mp3
30:28,5,Default.mp3
31:18,5,Default.mp3
32:08,5,Default.mp3
32:58,5,Default.mp3
33:48,5,Default.mp3
34:38,5,Default.mp3
35:28,5,Default.mp3
36:18,5,Default.mp3
37:08,5,Default.mp3
37:58,5,Default.mp3
38:48,5,Default.mp3
39:38,5,Default.mp3
40:28,5,Default.mp3
41:18,5,Default.mp3
42:08,5,Default.mp3
42:58,5,Default.mp3
43:48,5,Default.mp3
44:38,5,Default.mp3
45:28,5,Default.mp3
46:18,5,Default.mp3
47:08,5,Default.mp3
47:58,5,Default.mp3
48:48,5,Default.mp3
49:38,5,Default.mp3
50:28,5,Default.mp3
51:18,5,Default.mp3
52:08,5,Default.mp3
52:58,5,Default.mp3
53:48,5,Default.mp3
54:38,5,Default.mp3
55:28,5,Default.mp3
56:18,5,Default.mp3
57:08,5,Default.mp3
57:58,5,Default.mp3
58:48,5,Default.mp3
59:38,5,Default.mp3
60:28,5,Default.mp3
