2:20,2,Default.mp3
3:50,2,Default.mp3
5:20,2,Default.mp3
6:50,2,Default.mp3
8:20,4,Default.mp3
9:50,4,Default.mp3
11:20,4,Default.mp3
12:50,4,Default.mp3
14:20,4,Default.mp3
15:50,4,Default.mp3
17:20,4,Default.mp3
18:50,4,Default.mp3
20:20,4,Default.mp3
21:50,4,Default.mp3
23:20,4,Default.mp3
24:50,4,Default.mp3
26:20,4,Default.mp3
27:50,4,Default.mp3
29:20,4,Default.mp3
30:50,4,Default.mp3
32:20,4,Default.mp3
33:50,4,Default.mp3
35:20,4,Default.mp3
36:50,4,Default.mp3
38:20,4,Default.mp3
39:50,4,Default.mp3
41:20,4,Default.mp3
42:50,4,Default.mp3
44:20,4,Default.mp3
45:50,4,Default.mp3
47:20,4,Default.mp3
48:50,4,Default.mp3
50:20,4,Default.mp3
51:50,4,Default.mp3
53:20,4,Default.mp3
54:50,4,Default.mp3
56:20,4,Default.mp3
57:50,4,Default.mp3
59:20,4,Default.mp3
60:50,4,Default.mp3
62:20,4,Default.mp3
63:50,4,Default.mp3
65:20,4,Default.mp3
66:50,4,Default.mp3
68:20,4,Default.mp3
69:50,4,Default.mp3
71:20,4,Default.mp3
72:50,4,Default.mp3
74:20,4,Default.mp3
75:50,4,Default.mp3
77:20,4,Default.mp3
78:50,4,Default.mp3
80:20,4,Default.mp3
81:50,4,Default.mp3
83:20,4,Default.mp3
84:50,4,Default.mp3
86:20,4,Default.mp3
87:50,4,Default.mp3
89:20,4,Default.mp3
90:50,4,Default.mp3
92:20,4,Default.mp3
93:50,4,Default.mp3
95:20,4,Default.mp3
96:50,4,Default.mp3
98:20,4,Default.mp3
99:50,4,Default.mp3
